Travel Tourism,Tourism Site
See historical,historical snapshot,snapshot httpwebarchiveorgweb20080120044716httpwww1800arkansascom
211 VIRGINIA,VIRGINIA service,service Department,Department Social,Social Services,Services provided,provided partnership,partnership Council,Council Community,Community Services
211 VIRGINIA,VIRGINIA service,service Department,Department Social,Social Services,Services provided,provided partnership,partnership Council,Council Community,Community Services
4th Judicial,Judicial District,District Attorney
511 NY,NY State,State Department,Department Transportation
State mirror,mirror website,website wwwidahogov
Cooperative Extension,Extension System
Cooperative Extension,Extension Publications
Adoption Exchange
Department Public,Public Health
University Center,Center Agriculture,Agriculture Research,Research Extension
AM AgriLife,AgriLife Extension
Housing Finance,Finance Authority
Housing Finance,Finance Corporation
Industrial Development,Development Export,Export Authority
Alaskas Department,Department Military,Military Veterans,Veterans Affairs,Affairs Division,Division Homeland,Homeland Security,Security Emergency,Emergency Management
Aerospace Corporation,Corporation Board,Board directors,directors appointed,appointed Alaska,Alaska governor
Energy Authority
Public Broadcasting,Broadcasting Commission
Railroad Corporation
Travel Tourism,Tourism Site
National Guard,Guard Counterdrug,Counterdrug Program
Film Office
Alabamas Legal,Legal Information,Information Center
Railroad Corporation
Seafood Marketing,Marketing Institute
State Board,Board Medical,Medical Examiners,Examiners administrative,administrative regulatory,regulatory agency,agency state,state Alabama,Alabama Medical,Medical Licensure,Licensure Commission,Commission Alabama
Board Pharmacy
State Department,Department Education
Travel Tourism,Tourism Site
Amtrak Cascades
Agency Persons,Persons Disabilities,Disabilities APD
Permanent Fund,Fund Corporation
Public Service,Service Commission
ARBenefitsfor State,State Public,Public School,School Plan,Plan MembersProvided,MembersProvided Employee,Employee Benefit,Benefit Division,Division Arkansas,Arkansas Department,Department Finance,Finance Administration
Fire Protection,Protection Licensing,Licensing Board
National Guard
Travel Tourism,Tourism Site

Arizonas Workforce,Workforce Connection
History Commission
Travel Tourism,Tourism Site
Childrens Trust,Trust Fund
Department Education
Economic Development,Development Coorporation,Coorporation AEDC
Ethics Commission
ARKids First,First health,health insurance
Livestock Poultry,Poultry Commission
State Medical,Medical Board
State Board,Board Optometry
State Board,Board Physical,Physical Therapy
State Board,Board Collection,Collection Agencies
State Port,Port Authority
Territorial Energy,Energy Office
State Public,Public Service,Service Commission‚Äôs,Commission‚Äôs Consumer,Consumer Web,Web Site
State Assembly,Assembly Democratic,Democratic Caucus
Assistive Technology,Technology Loan,Loan Fund,Fund Authority,Authority The,The authority,authority offers,offers low,low interest,interest loans,loans variety,variety special,special equipment,equipment eligible,eligible applicants,applicants See,See establishing,establishing law,law httplawlisvirginiagovauthoritiesassistivetechnologyloanfundauthorityatlfa
Board Behavioral,Behavioral Health,Health Examiners
Commerce Authority
State Board,Board Dental,Dental Examiners
State Parks
USS Battleship
Village Baxter,Baxter Estates
Board Massage,Massage Bodywork,Bodywork Therapy
NC museum,museum natural,natural sciences
State Bonds
Humanities independent,independent nonprofit,nonprofit partner,partner National,National Endowment,Endowment Humanities

CA State,State Independent,Independent Living,Living Counsel,Counsel advocates,advocates persons,persons disabilities,disabilities enable,enable live,live independently,independently n
State Teachers,Teachers Retirement,Retirement System
State Capitol
Caswell Developmental,Developmental Center
Environmental Health,Health Tracking,Tracking Program
Univ Extension,Extension website
HawaiiPacific Area,Area Combined,Combined Federal,Federal Campaign,Campaign geographic,geographic area,area includes,includes State,State Hawaii
Tristate CFC
College Foundation
Chesapeake Bay,Bay Program
Pennsylvanias Childrens,Childrens Health,Health Insurance,Insurance Program,Program CHIP
Department Business,Business Economic,Economic Development
Historical SocietyMuseum,SocietyMuseum Library

Clemson Univ
Commission Law,Law Enforcement,Enforcement Standards,Standards Training
Coliseum Boulevard,Boulevard Plume,Plume CBP
Travel Tourism,Tourism Site

No Call,Call program,program A,A private,private company
Upper Colorado,Colorado River,River Endangered,Endangered Fish,Fish Recovery,Recovery Program
DOT Complete,Complete Streets
Correction Enterprises
Crawfish Promotion,Promotion Research,Research Board,Board LCPRB
Superior Courts
State Treasury,Treasury Unclaimed,Unclaimed Property,Property Owners,Owners List
Center Technology,Technology University,University Albany

State Library
Travel Tourism,Tourism Site
Clean Water,Water Management,Management Trust,Trust Fund
IL Secretary,Secretary State
National Guard
Division Employment,Employment Security,Security DES

About Digital,Digital Repository,Repository The,The Digital,Digital Maine,Maine Repository,Repository one,one several,several services,services Maine,Maine State,State Library,Library facilitate,facilitate digitization,digitization enhanced,enhanced access,access collections,collections related,related Maine,Maine history
Travel Tourism,Tourism Site
Travel Tourism,Tourism Site
Department Motor,Motor Vehicles
Department Education
NC Dept,Dept Revenue
Driving95 Corridor,Corridor Planning,Planning Finance,Finance Study,Study website
National Guard,Guard Drug,Drug Control,Control Program
myeatsmartmovemorecom consumer,consumer site,site eatsmartmovemorenccom,eatsmartmovemorenccom program,program site
Educational Communications,Communications Board,Board WI
Environmental Hearing,Hearing Board
Environmental Health,Health Officer,Officer Professional,Professional Advisory,Advisory Committee
Office State,State LongTerm,LongTerm Care,Care Ombudsman
State University,University ExtensionEnergy,ExtensionEnergy Program
The Energy,Energy Section,Section Division,Division Energy
Office Tourism
environmental help,help website,website NC
Environmental Trust
This site,site eastwest,eastwest gateway,gateway Council,Council Government,Government bistate,bistate St,St Louis,Louis area
Executive Action,Action Team,Team EXACT,EXACT Multilateral,Multilateral Working,Working Group,Group Water,Water Resources
Travel tourism,tourism site,site State
Travel Tourism,Tourism Site
Travel tourism,tourism site,site state,state hosted,hosted Explore,Explore Minnesota,Minnesota Tourism
Cooperative Extension
State University,University Extension
University Extension,Extension Service
State University,University Extension
University Extension
Cooperative Extension,Extension Service
State University,University Extension,Extension Service
Penn State,State Extension
Purdue Cooperative,Cooperative Extension
University Cooperative,Cooperative Extension,Extension Service
Univ extension
University Extension
Univ NH
University NebraskandashLincoln,NebraskandashLincoln Extension
State University,University extension
OK State,State Family,Family Consumer,Consumer website
The Commission,Commission Status,Status Women,Women The,The Florida,Florida Commission,Commission Status,Status Women,Women nonpartisan,nonpartisan board
SC film,film industry
Fish Boat,Boat Commission,Commission PFBC

Courts The,The mission,mission judicial,judicial branch,branch protect,protect rights,rights liberties
Department Education
Governors Office
Office Financial,Financial Regulation,Regulation Key,Key Function,Function provides,provides regulatory,regulatory oversight,oversight Floridas,Floridas financial,financial services,services providers,providers Mission,Mission protect,protect citizens,citizens Florida
Office Insurance,Insurance Regulation,Regulation To,To promote,promote stable,stable competitive,competitive insurance,insurance market,market consumers
National Guard,Guard Counterdrug,Counterdrug n,n Florida,Florida Counterdrup,Counterdrup Program,Program Under,Under authority,authority office,office provides,provides oversight,oversight FLARNG,FLARNG FLANG,FLANG Substance,Substance Abuse,Abuse Prevention,Prevention Programs
Fish Wildlife,Wildlife Conservation,Conservation Commission
redistricting website,website House,House Speaker,Speaker Will,Will Weatherford,Weatherford Senate,Senate President,President Don,Don Gaetz,Gaetz called,called special,special session,session August,August 715,715 amend,amend Congressional,Congressional Districts,Districts 5,5 10,10 consistent,consistent Final,Final Judgment,Judgment issued,issued circuit,circuit court,court Romo,Romo v,v Detzner,Detzner make,make conforming,conforming changes,changes districts,districts direct,direct result,result changes,changes Congressional,Congressional Districts,Districts 5,5 10
Environmental Public,Public Health,Health Tracking
The state,state Floridas,Floridas Unclaimed,Unclaimed Property
Water Permiting,Permiting Portal,Portal This,This portal,portal provides,provides links,links information,information water,water resource,resource permitting,permitting Florida
Department Agriculture,Agriculture Consumer,Consumer Services
National Government
Georgia National,National Guard
State Department,Department Education

GA Do,Do Not,Not Call,Call List,List GA,GA Dept,Dept Law,Law Consumer,Consumer Protection,Protection Unit
State Defense,Defense Force
State Defense,Defense Force,Force public,public beta,beta domain,domain Crosslinked,Crosslinked gasdfus,gasdfus email,email domain
State Defense,Defense Force,Force email,email domain,domain Referenced,Referenced httpsdirectorydoasgagov,httpsdirectorydoasgagov Not,Not use,use public,public website
GEAR UP,UP operates,operates part,part Institutions,Institutions Higher,Higher Learning
Lousiana National,National Guard
Bureau Geology,Geology Mineral,Mineral Resources
The Civil,Civil War,War Commission
The Fiscal,Fiscal Management,Management Council
Trust Preservation,Preservation Committee
Governors Office,Office Homeland,Homeland Security,Security Emergency,Emergency Preparedness
Student Access,Access Commission
Ga National,National Fair,Fair Grounds,Grounds Agricenter
Commission Dispute,Dispute Resolution
Tourism Authority
Fish Boat,Boat Commissions,Commissions Outdoor,Outdoor Shop
Got Be,Be NC,NC Agriculture
Got To,To Be,Be NC,NC Festival
Consumer Protection,Protection Division,Division Attorney,Attorney Generals,Generals Office
Office Governor,Governor Lt,Lt Governor
govpr pattern,pattern several,several Rican,Rican government,government agencies
govvi pattern,pattern Island,Island government,government sites
Correctional Enterprises
Governor Phil,Phil Bryant,Bryant Mississippis,Mississippis 64th,64th governor
Governor Morehead,Morehead School,School Blind
Office Group,Group Benefits
Student Finance,Finance Commission
Attorney General

Department Revenue,Revenue Taxation
Official site,site Dairy,Dairy Products,Products Commission
State Department,Department Education
Village Hoffman,Hoffman Estates
House Representatives
Historical Society
State Humanities,Humanities Social,Social Services,Services Online
High Technology,Technology Development,Development Corporation,Corporation HTDC,HTDC state,state agency,agency established,established State,State Legislature,Legislature 1983,1983 facilitate,facilitate development,development growth,growth Hawaiis,Hawaiis commercial,commercial high,high technology,technology industry
NC health,health Wellness,Wellness Trust,Trust fund

University Lincoln,Lincoln Extension,Extension publications
Army National,National Guard

IDeal College,College Savings,Savings Program
Benefits Portal
Office State,State Treasurer

Travel Tourism,Tourism Site
Inclusive Health
Innovate hereby,hereby created,created state,state agency,agency exercising,exercising public,public essential,essential governmental,governmental functions,functions Innovate,Innovate Washington,Washington created,created successor,successor Washington,Washington technology,technology center,center Spokane,Spokane intercollegiate,intercollegiate research,research technology,technology institute,institute SIRTI,SIRTI See,See httpappslegwagovRCWdefaultaspxcite43333fulltrue
Economic Development,Development Authority,Authority GEDA,GEDA web,web site,site GEDA,GEDA autonomous,autonomous agency,agency Government,Government Guam,Guam Guam,Guam public,public corporation
Board Investments
Economic Development,Development Authority
Iowa Tribe
National Guard
State Fair
The Division,Division Public,Public Health
new jersey,jersey history,history site
Julian F,F Keith,Keith Alcohol,Alcohol Drug,Drug Abuse,Abuse Treatment,Treatment Center,Center JFK,JFK ADATC,ADATC operates,operates authority,authority State,State Division,Division State,State Operated,Operated Healthcare,Healthcare Facilities
Jobs4Jersey NJ,NJ Department,Department Labor,Labor Workforce,Workforce Development
Unified Courts
Justice Administration,Administration Commission,Commission The,The Justice,Justice Administrative,Administrative Commission,Commission JAC
Kentucky Academic,Academic Advising,Advising Association
Highway Patrol
kentucky center
National Guard
kentucky housing,housing corp
State Police
Travel Tourism,Tourism Site
Higher Education,Education Assistance,Assistance Authority
Ky legislature
State Board,Board Healing,Healing Arts
State Board,Board Nursing
Judicial Branch
Department Transportation
Historical Society
State Legislature

Department Revenue
Office Secretary,Secretary State
Department Agriculture
ky convention,convention center
Education Professional,Professional Standards,Standards Board
KY expo,expo center

KY Treasury
LA Board,Board Examiners,Examiners Nursing,Nursing Facility,Facility Administrators
Board Massage,Massage Therapy
Board Pharmacy
State Board,Board Social,Social Work,Work Examiners
State Board,Board Chiropractic,Chiropractic Examiners
The Council,Council Information,Information Services,Services Directors
Board Examiners,Examiners Certified,Certified Shorthand,Shorthand Reporters
Louisiana Developmental,Developmental Disabilities,Disabilities Council
Egg Commission
Auctioneers Licensing,Licensing Board
Professional Engineering,Engineering Land,Land Surveying,Surveying Board
Physical Therapy,Therapy Board
Supreme Court
State Board,Board Architectural,Architectural Examiners
Workforce Commission,Commission LAWorks
Board Examiners,Examiners Dietetics,Dietetics Nutrition
board speech,speech language,language pathology

League Municipalities
Department Labor
League Cities,Cities Per,Per About,About League,League section,section website
Loter√É¬≠a Electr√É¬≥nica,Electr√É¬≥nica de
Community Development,Development Authority
Lottery Corporation
Seafood Board,Board In,In 1984
Tax Free,Free Shopping,Shopping Commission
Travel Tourism,Tourism Site
Licensed Professional,Professional Counselors,Counselors Board,Board Examiners
Police Jury,Jury Association
LLPVRC Board,Board Examiners
State Board,Board Examiners,Examiners Psychologists
State Board,Board Examiners,Examiners Sanitarians
State Board,Board Examiners,Examiners Interior,Interior Designers
Louisiana Board,Board Massage,Massage Therapy
State Board,Board Private,Private Investigator,Investigator Examiners
LOUISIANA STATE,STATE BOARD,BOARD OF,OF PRACTICAL,PRACTICAL NURSE,NURSE EXAMINERS
Board Veterinary,Veterinary Medicine
Board Drug,Drug Device,Device Distributors
LSU Ag,Ag Center
League Municipalities
maine history
maine state,state housing,housing authority
State Lottery,Lottery wwwmainelotterycom
maine turnpike,turnpike authority

Mass budget,budget policy,policy Center
Ma cultural,cultural Council
Mass historical,historical society
Massachuetts State,State Lottery
Travel Tourism,Tourism Site
Bureau Mines,Mines Geology
511 Traveller,Traveller Information
maine development,development foundation
Department Housing,Housing Community,Community Development
Kids Page

Stadium Authority
Department Wildlife
Municipal Employees,Employees Retirement,Retirement System
Guaranteed Student,Student Loan,Loan Program,Program MGSLP
Mental Health,Health Trust,Trust Authority
Mental Health,Health Trust,Trust Land,Land Office
Travel Tourism,Tourism Site
michigan humanities,humanities council

State Park,Park Harbor,Harbor Reservations
Lottery Connect,Connect Blog
National Guard
National Guard,Guard URL,URL must,must www,www resolve
Development Authority
Campgrounds Camping,Camping State,State Parks
Center Books
MissouriFamilies produced,produced College,College Human,Human Environmental,Environmental Sciences
Association Watershed,Watershed Districts
National Guard

The State,State Treasurys,Treasurys official,official website,website unclaimed,unclaimed property,property searches


State Fund
Mountain State,State Combined,Combined Federal,Federal Campaign
Industries Blind
State Board,Board Contractors
Athletic Commission
State Commission,Commission Criminal,Criminal Sentencing,Sentencing Policy
Emergency Management,Management Agency
Home Corporation
State University,University Extension
State University,University Extension
State University,University Extension
Facility Finance,Finance Authority
Finance Information,Information Center
Scholarship Lottery
The official,official state,state portal,portal State
Department Financial,Financial Services
Office Attorney,Attorney General
Developed Attorney,Attorney General,General Agency,Agency Health,Health Care,Care Administration,Administration AHCA,AHCA help,help consumers,consumers shop,shop lowest,lowest price,price area,area prescription,prescription drugs
Fish Wildlife,Wildlife Conservation,Conservation Commission
Travel Tourism,Tourism Site
National Archives,Archives Records,Records Management,Management Unit
NC Museum,Museum Natural,Natural Sciences
NC Council,Council Developmental,Developmental Disabilities
Education Lottery
NC State,State Construction,Construction Office
Alcoholic Beverage,Beverage Control,Control Commission
NC Agriculture,Agriculture Development,Development Farmland,Farmland Preservation,Preservation Trust,Trust Fund
MultiHazard Threat,Threat Database
Division Air,Air Quality
The Auctioneers,Auctioneers board
NC Court,Court System
NC appraisal,appraisal board
NC Triangle,Triangle Public,Public Access,Access TV,TV n,n n
NC Aquariums
NC Museum,Museum Art
Arts Council
NC Assistive,Assistive technology,technology Program,Program Receives,Receives grant,grant funding,funding Public,Public Law,Law 108364,108364 Rehabilitation,Rehabilitation Services,Services Administration
NC Office,Office State,State Auditor
Board Architecture
NC Board,Board Athletic,Athletic Trainers,Trainers Examiners
Board DieteticsNutrition
NC Board,Board Examiners,Examiners electrical,electrical contractors
NC Board,Board Examiners,Examiners engineers,engineers surveyors
NC Board,Board Nursing,Nursing Homes,Homes Administrators
NC Board,Board Funeral,Funeral Services
NC Board,Board Law,Law Examiners
The Board,Board Licensing,Licensing Geologists
The Board,Board Licensed,Licensed Professional,Professional Counselors
The Soil,Soil Scientist,Scientist Licensing,Licensing Program
NC Board,Board Examiners,Examiners Speech,Speech Language,Language Pathologist,Pathologist Audiologist,Audiologist n
Welcome NC,NC Board,Board Landscape,Landscape Architects
NC Board,Board Nursing
NC Board,Board Pharmacy
The Board,Board Occupational,Occupational Therapy
The Board,Board Podiatry,Podiatry Examiners,Examiners State
NC Waste,Waste Management
nc business,business court
NC School,School bus,bus Safety
Rail Division
North Carolina,Carolina Social,Social Work,Work Certification,Certification Licensure,Licensure Board
The Center,Center Global,Global Logistics,Logistics collaborative,collaborative effort,effort community,community colleges
NC Child,Child Support,Support Enforcement
Board Chiropractic,Chiropractic Examiners
Civil War,War Sesquicentennial
NC Division,Division Coastal,Coastal Management
NC Coastal,Coastal Reserve,Reserve National,National Estuarine,Estuarine Research,Research Reserve
Office Commissioner,Commissioner Banks,Banks NCCOB
Department Commerce
nc court,court system
NC Dept,Dept Public,Public Safety
NC Department,Department Environment,Environment Natural,Natural Resources
State Board,Board Dental,Dental Examiners
This site,site tool,tool citizens,citizens providers,providers reduce,reduce impact,impact diabetes,diabetes leadership
The NC,NC Helping,Helping Neighbors,Neighbors Fund,Fund managed,managed Governors,Governors Office
Juvenile Justice,Justice section,section NC,NC Department,Department Public,Public Safety
Division Marine,Marine Fisheries
NC Marine,Marine Fisheries,Fisheries Commission,Commission Store
NC Division,Division Non,Non Public,Public Education
Department Insurance
Dept Justice
Drought Management,Management Advisory,Advisory Council
NC DENRs,DENRs Division,Division Waste,Waste Management
The Office,Office EMS
The Forest,Forest Service,Service operates,operates system,system six,six Educational,Educational State,State Forests,Forests ESFs,ESFs designed,designed teach,teach public,public especially,especially school,school children,children forest,forest environment
Facility Management,Management Division
Farm Fresh,Fresh directory,directory pickyourown,pickyourown farms
NC Farm,Farm School,School program
Farmworker Health,Health Program,Program NCFHP
NC Film,Film Office

Division Marine,Marine Fisheries
NC flood,flood risk,risk information,information system
NC Foreclosure,Foreclosure Prevention,Prevention Fund
Forest Action,Action Plan
North Carolina,Carolina Forest,Forest Action,Action Plan,Plan See,See historical,historical snapshot,snapshot httpwebarchiveorgweb20140517174935httpncforestassessmentcom
NC Fresh,Fresh Produce,Produce Information,Information site

Governors School
The Global,Global TransPark
NC hearing,hearing Aid,Aid Dealers
NC Health,Health Human,Human Services
NC Healthy,Healthy School,School Website
NC Housing,Housing Finance,Finance Agency
North Carolina,Carolina Home,Home Inspetor,Inspetor Licensure,Licensure Board
NC Historic,Historic Sites
Office Indigent,Indigent Defense,Defense Services
NC International,International House
NC Institute,Institute Medecine
The Interpreters,Interpreters Transliterators,Transliterators Licensing,Licensing Board
NCknows service,service allows,allows residents,residents get,get help,help librarians,librarians use,use library,library resources,resources remotely,remotely computer,computer NCknows,NCknows pilot,pilot project,project supported,supported grant,grant Federallyfunded,Federallyfunded Library,Library Services,Services Technology,Technology Act,Act LSTA,LSTA The,The project,project administered,administered State,State Library,Library North,North Carolina,Carolina Raleigh,Raleigh help,help committee,committee librarians,librarians directors,directors North,North Carolinas,Carolinas libraries
NC Dept,Dept Labor
NC Generla,Generla Assembly
State Board,Board Examiners,Examiners Plumbing
NC Lifetime,Lifetime Income,Income Members,Members Teachers,Teachers State,State Employees,Employees Retirement,Retirement System,System TSERS,TSERS Local,Local Governmental,Governmental Employees,Employees Retirement,Retirement System,System LGERS,LGERS onetime,onetime opportunity,opportunity transfer,transfer part,part NC,NC 401k,401k andor,andor NC,NC Deferred,Deferred Compensation,Compensation 457,457 funds,funds Retirement,Retirement System,System order,order receive,receive lifetime,lifetime income,income retirement
NC Public,Public Library
League Municipalities
board Marriage,Marriage family,family therapy
The Locksmith,Locksmith Licensing,Licensing Board
State Office,Office Information,Information Technology,Technology Services
Maritime Museum,Museum System
Highway Historical,Historical Marker,Marker Program
NC Medical,Medical Board
NC Division,Division Medical,Medical Assistance
NC Office,Office Minority,Minority Health,Health Health,Health Disparities
NC Motor,Motor fleet,fleet management
The NC,NC Health,Health Care,Care Personnel,Personnel Registry,Registry Section
Early Hearing,Hearing Detection,Detection Intervention,Intervention Program,Program NC,NC DHHS,DHHS gt,gt DPH,DPH gt,gt WCH,WCH Section,Section gt,gt Children,Children Youth,Youth Branch
The Natural,Natural Heritage,Heritage Program
Established 1987
Office Administrative,Administrative Hearings
Welcome Grand,Grand Chapter,Chapter NC,NC Order,Order Eastern,Eastern Star
NC OneMap,OneMap public,public service,service providing,providing comprehensive,comprehensive discovery,discovery access,access Carolinas,Carolinas geospatial,geospatial data,data resources
NC OneMap
State Board,Board Examiners,Examiners Optometry
NC Physical,Physical Activity,Activity Nutrition,Nutrition Branch,Branch NC,NC PAN
NC ports
NC Progress,Progress Portal
nc psychology,psychology board
The Board,Board Physical,Physical Therapy,Therapy Examiners
Historical Publications
Division Public,Public Health
nc public,public schools
Radiation Protection,Protection Section
NC Radon,Radon Awarenes,Awarenes Site
We serve,serve NC,NC insurance,insurance industry,industry providing,providing services,services programs,programs automobile
Respiratory Care
Rural Electrification,Electrification Authority
NC State,State Board,Board Environmental,Environmental Health,Health Specialist,Specialist Examiners
nc report,report cards,cards schools
nc science,science technology
NC School,School deaf
NC State,State Employees,Employees Combined,Combined Campaign
North Carolina,Carolina Seniors,Seniors Health,Health Insurance,Insurance Information,Information Program,Program SHIIP
Sickle Cell,Cell Syndrome,Syndrome Program
The State,State Improvement,Improvement Project,Project NC,NC SIP,SIP NC,NC SIP,SIP program,program Exceptional,Exceptional Children,Children Division,Division North,North Carolina,Carolina Department,Department Public,Public Instruction,Instruction NC,NC DPI
Thank visiting,visiting ACCESSNC
The Star,Star Program,Program designed,designed recognize,recognize promote,promote effective,effective safety,safety health,health management,management systems,systems In,In Star
NC state,state Fair
NC Stormwater,Stormwater Runoff,Runoff pollution,pollution site
NC State,State Univ,Univ Extension
Social Work,Work Certification,Certification Licensure,Licensure Board
NC Symphony
Tobacco Free,Free Schools
State Japan,Japan Office
NCTOPPS homepage,homepage httpwwwncdhhsgovMHDDSASprovidersNCTOPPSindexhtm,httpwwwncdhhsgovMHDDSASprovidersNCTOPPSindexhtm Entry,Entry still,still included,included nctoppsncdmhnet,nctoppsncdmhnet pattern,pattern pages,pages httpswwwgooglecomsearchqsite3Anctoppsncdmhnet
NC Office,Office State,State Personnel
NC Transportation,Transportation Museum
Department State,State Treasurer
Veterinary Medical,Medical Board
Carolinas marketplace,marketplace discarded,discarded surplus,surplus materials,materials products
NC Division,Division Water,Water Resources
Division Water,Water Resources
Well Contractors,Contractors Certification,Certification Commission,Commission protects,protects public,public health,health safety,safety ensuring,ensuring integrity,integrity competence,competence well,well contractors,contractors examination
nc wildlife,wildlife resource,resource commission
NC WiseOwl,WiseOwl NC,NC Online,Online Windows,Windows Learning,Learning providing,providing online,online subscription,subscription resources,resources schools,schools since,since 1999,1999 Our,Our mission,mission ensure,ensure public,public charter,charter school,school students,students access,access collection,collection online,online resources,resources use,use research,research projects,projects homework,homework assignments
NC Zoo,Zoo agency,agency Department,Department Natural,Natural Cultural,Cultural Resources
League Cities
Department Wildlife
Department Wildlife,Wildlife NDOW,NDOW Licensing
Recorders Information,Information Network
Travel Tourism,Tourism Site
Ethanol Board
AgRelations Council
Association Transportation,Transportation Providers
Arts Council,Council The,The Council,Council funded,funded State,State Nebraska
Corn Board
Dry Bean,Bean Commission
State Historical,Historical Society
State Racing,Racing Commission
Wheat Board
Department Economic,Economic Development

Department Transportation
The Judiciary
Travel Tourism,Tourism Site
Department Community,Community Economic,Economic Development
Forest Service
NH Historical,Historical Society
NH Municipal,Municipal Association
Lottery Commission
NH State,State Parks
Economic Development,Development Authority
Division Fish,Fish Wildlife
State Library
Surcharge Violation,Violation System,System NJSVS
Department Labor,Labor Workforce,Workforce Development

Environmental Public,Public Health,Health Tracking
Special Supplemental,Supplemental Nutrition,Nutrition Program,Program Women
Nutrition Services,Services Branch
Aging Disability,Disability Services,Services Division
State Conference,Conference Mayors,Mayors Municipal,Municipal Officials,Officials NYCOM
Historical Society,Society Museum,Museum Library
State Council,Council Arts
State eGovernment,eGovernment listing,listing state,state agencies
State Fair
State Homes,Homes Community,Community Renewal
State Local,Local Government,Government IT,IT Directors,Directors Association,Association NYSLGITDA
State Police,Police Recruitment,Recruitment Center
OK Corporation,Corporation Commission
Office Hawaiian,Hawaiian Affairs,Affairs Under,Under direction,direction nine,nine trustees,trustees elected,elected statewide
Bureau Workers,Workers Compensation
Humanities Council

Recorders Association
Historical Society
OK career,career tech,tech website
OK dept,dept human,human services

OK LP,LP Gas,Gas commission
State Olmstead,Olmstead Initiative
Municipal League
Office Land,Land Water,Water Stewardship
Arts Commission
Governors Office,Office Film,Film Television

State Fair
The Resources,Resources Integration,Integration General,General Information,Information Network,Network System,System Origins,Origins online,online database,database contains,contains economic
Office State,State Bank,Bank Commissioner
OK State,State Court,Court System
Office State,State Prosecutor
Division Environmental,Environmental Assistance,Assistance Customer,Customer Service
Commonwealth Pennsylvanias,Pennsylvanias media,media hub
Unified Judicial,Judicial System
PA eHealth,eHealth Partnership,Partnership Authority
FirstNet See,See also,also httpwwwntiadocgovsligppennsylvania
Republic National,National Government
Judiciary Branch
State Defense,Defense Force,Force public,public affairs,affairs office,office Website,Website mirrored,mirrored gasdfcom,gasdfcom Referenced,Referenced httpsgangmilLeadershipGeorgiaStateDefenseForce
Parks Wildlife,Wildlife Foundation
PA State,State System,System Higher,Higher Education
PA Patient,Patient Safety,Safety Authority
Turnpike Commission
PA Health,Health Care,Care Cost,Cost Containment,Containment Council
PA Higher,Higher Education,Education Assistance,Assistance Agency
PA Higher,Higher Educational,Educational Facilities,Facilities Authority
PA Housing,Housing Finance,Finance Agency
Pat Harrison,Harrison Waterway,Waterway District,District PHWD
Ports Authority
The Port
State Potato,Potato Commission
Historical Commission
Queen Annes,Annes Revenge
Uninsured Employers,Employers Fund
OK State,State AG,AG Econ,Econ OSU
Ready NC
Ready PA
Red Raspberry,Raspberry Commission
The State,State Board,Board Refrigeration,Refrigeration Examiners
Division Vocational,Vocational Rehabilitation,Rehabilitation Department,Department Education
Clean Water,Water Finance,Finance Agency
Emissions Safety,Safety Testing

Public Utilities,Utilities Commission
Turnpike Bridge,Bridge Authority
Office President

NC Safe,Safe Haven,Haven Law,Law Abandoned,Abandoned Infant,Infant Protection,Protection Law,Law Site
The website,website Center,Center Aging,Aging VCoA
Santee Cooper
Office State,State Auditor
Save Water,Water NC
State Board,Board Administration
State Board,Board Community,Community Technical,Technical Colleges
State College,College Borough,Borough Water,Water Authority
SC dept,dept commerce
SC judicial,judicial courts
SC DMV
Education Lottery
Emergency Management,Management Division
SC early,early childhood,childhood education,education program
SC Gov,Gov Mansion
SC govoners,govoners school,school science,science math
SC National,National Guard
The State,State Council,Council Higher,Higher Education,Education SCHEV,SCHEV makes,makes higher,higher education,education public,public policy,policy recommendations,recommendations Governor,Governor General,General Assembly,Assembly areas,areas capital,capital operating,operating budget,budget planning
School Planning,Planning Section
South Carolina,Carolina Independent,Independent Living,Living Council,Council SCILC
South Carolina,Carolina Independent,Independent Living,Living Council,Council SCILC
The EPSCoRIDeA,EPSCoRIDeA Program
SC malpractice,malpractice patient,patient compensation,compensation fund
School Deaf,Deaf Blind
Statewide Independent,Independent Living,Living Council,Council SILC
SC sec,sec state
Department Revenue
Higher EducationTuition,EducationTuition Grants,Grants Commission
SC State,State Election,Election Committee
SC Vocab,Vocab Rehab
Department Transportation
Housing Development,Development Authority
STATE EMPLOYEES,EMPLOYEES ASSOCIATION,ASSOCIATION OF,OF NORTH,NORTH CAROLINA


Authorized Service,Service Website,Website Department,Department Transportation
State Port,Port Authority
State Health,Health Plan,Plan Teachers,Teachers State,State Employees
SLED Statewide,Statewide Library,Library Electronic,Electronic Doorway
State Laboratory,Laboratory Public,Public Health
Science Museum
NC Secretary,Secretary Of,Of State
south carolina,carolina arts,arts commission
south carolina,carolina historical,historical society
PA State,State Public,Public School,School Building,Building Authority
Susquehanna River,River Basin,Basin Commission,Commission ¬†The,¬†The Susquehanna,Susquehanna River,River Basin,Basin Compact
Start Squad
North Carolinas,Carolinas JustusWarren,JustusWarren Heart,Heart Disease,Disease Stroke,Stroke Prevention,Prevention Task,Task Force
stateakus pattern,pattern include,include state,state agencies
statealus pattern,pattern include,include state,state agencies
statearus pattern,pattern State,State agencies
stateazus pattern,pattern include,include state,state agencies
statecaus pattern,pattern include,include state,state agencies
Included find,find statecous,statecous pattern,pattern find,find state,state websites
stateflus pattern,pattern include,include state,state agencies
State Ga,Ga website

Pattern stateidus,stateidus websites


Ky Website
State Library
Mass State,State Website
State website,website httpwwwmarylandgov,httpwwwmarylandgov statemdus,statemdus pattern,pattern include,include state,state agencies
state maine
state michigan
Minnesotagov portal,portal electronic,electronic entry,entry point,point State,State government,government information,information services

stateneus pattern,pattern include,include several,several state,state agencies
NH State,State Website
httpwwwstatenjus httpwwwnjgov,httpwwwnjgov resolve,resolve site,site nstatenjus,nstatenjus pattern,pattern include,include state,state agencies


State OK,OK website
httpwwwstateorus resolves,resolves nonstyled,nonstyled version,version httpwwworegongov,httpwwworegongov nstateorus,nstateorus pattern,pattern included,included find,find State,State agencies
State SC
State Government,Government Website
Official site,site Government
The official,official website,website Commonwealth


statewius pattern,pattern included,included various,various Departmentlevel,Departmentlevel agencies
State travel,travel tourism,tourism website
State Fair
Staten Island,Island Borough,Borough President
NC Division,Division Surplus,Surplus Property
NC sustainability,sustainability connection
Welcome Teach4NC
Holocaust Commission
State Bar
Foreign Language,Language Institute
Housing Development,Development Agency
kentucky cabinet,cabinet economic,economic development
Municipal Retirement,Retirement System,System TMRS
District Attorneys,Attorneys General,General Conference
Emergency Management,Management Agency

National Guard

Parks Wildlife,Wildlife magazine
Travel Tourism,Tourism Site
Travel Tourism,Tourism Site
Travel Tourism,Tourism Site
Travel Tourism,Tourism Sites
Travel Tourism,Tourism Sites
Travel Tourism,Tourism Site
Travel Tourism,Tourism Sites
Travel Tourism,Tourism Sites
Travel Tourism,Tourism Sites
State Treasurer
Tree Fruit,Fruit Research,Research Commission
State Tobacco,Tobacco Settlement,Settlement Authority


University Fairbanks,Fairbanks Cooperative,Cooperative Extension,Extension Service
University Extension
US Bureau,Bureau Economic,Economic Research
US Economic,Economic Development,Development Authority
University Extension
University WisconsinExtension
University Cooperative,Cooperative Extension,Extension Service
State Rehabilitation,Rehabilitation Council,Council SRC
The Association,Association Assessing,Assessing Officers,Officers professional,professional organization,organization assessors,assessors appraisers,appraisers state,state local,local governments,governments throughout,throughout Commonwealth,Commonwealth The,The organizations,organizations mission,mission improve,improve assessment,assessment standards
Board People,People Disabilities
Commonwealth Neurotrauma,Neurotrauma Initiative,Initiative CNI,CNI Trust,Trust Fund
Department Aging,Aging Rehabilitative,Rehabilitative Services
Department Aging,Aging Rehabilitative,Rehabilitative Services
Disability Services,Services Agencies
Department Fire,Fire Programs

Statewide Independent,Independent Living,Living Council
Assistive Technology,Technology System
Career Education,Education Foundation,Foundation nonprofit,nonprofit organization,organization works,works increase,increase number,number qualified,qualified applicants,applicants available,available fill,fill technical,technical positions,positions throughout,throughout Commonwealth,Commonwealth Virginia
Department Blind,Blind Vision,Vision Impaired
Department Deaf,Deaf Hard,Hard Hearing,Hearing VDDHH
State Carolinas,Carolinas Vendor,Vendor Registration
Arts Council
Historical Society
Travel Tourism,Tourism Site
Housing Development,Development Authority
Housing Finance,Finance Agency
The Horse,Horse Industry,Industry Board,Board responsible,responsible promotion,promotion economic,economic development,development horse,horse industry,industry Virginia,Virginia operates,operates Virginia,Virginia Department,Department Agriculture,Agriculture Consumer,Consumer Services
Industries Blind
Department Education
Office Inspector,Inspector General
US Police,Police Department
Travel Tourism,Tourism Sites
College Savings,Savings Plan
Economic Development,Development Partnerships,Partnerships Ally,Ally Information,Information Exchange
Department Transportation
Resources Authority
Travel Tourism,Tourism Site
Welcome Centers
Travel Tourism,Tourism Sites
Travel Tourism,Tourism Site
Travel Tourism,Tourism Sites
Travel Tourism,Tourism Site
Travel Tourism,Tourism Sites
Travel Tourism,Tourism Site
Travel Tourism,Tourism Sites
Travel Tourism,Tourism Site
Travel Tourism,Tourism Site
Travel Tourism,Tourism Site
Travel Tourism,Tourism Site
Travel Tourism,Tourism Site
Travel Tourism,Tourism Site
Travel tourism,tourism site,site US
Travel Tourism,Tourism Site
Supreme Court,Court United,United States
Viva 500,500 statewide,statewide initiative,initiative led,led Florida,Florida Department,Department State
Museum Natural,Natural History,History Martinsville
Governors Commission,Commission Volunteerism,Volunteerism Community,Community Service

Commission Volunteerism,Volunteerism Community,Community Service
Rehabilitation Center,Center Blind,Blind Vision,Vision Impaired
Rural Water,Water Association
State Bar
National Guard

Blueberry Commission
Hardwoods Commission
State Lottery
State Seed,Seed Potato,Potato Commission
Travel Tourism,Tourism Site
Air National,National Guard
Army National,National Guard
National Guard
State Wine,Wine Commission
Association Sheriffs,Sheriffs Police,Police Chiefs

The Way,Way We,We Lived
State Department,Department Financial,Financial Institutions
University Cooperative,Cooperative Extension
Economic Development,Development Finance,Finance Authority
Womens Health,Health Branch
Housing Economic,Economic Development,Development Authority
Higher Education,Education Facilities,Facilities Authority
Department Wildlife,Wildlife Conservation,Conservation httpwwwwildlifedepartmentcom


Historical Society
State Public,Public Defenders,Defenders Office
Register Deeds,Deeds Association
NC Dept,Dept Health,Health Human,Human services
State Convention,Convention Center
State Commission,Commission Pesticide,Pesticide Registration
State Housing,Housing Finance,Finance Commission
State School,School Blind
Department Agriculture
Department Commerce
Division Culture,Culture History
Department Health,Health Human,Human Resources
Housing Development,Development Fund
Higher Education,Education Policy,Policy Commission
Department Commerce

Network Educational,Educational Telecomputing
Consolidated Public,Public Retirement,Retirement Board
State Parks
State Treasurers,Treasurers Office
Travel Tourism,Tourism Site
Water Development,Development Authority
Army National,National Guard
Business Council
Travel Tourism,Tourism Site
